"","KO","gene_count","sum_cov","min_cov","max_cov","pathway","site_m","depth_m"
"1","K18861",0,0,0,0,"3HP/4HB or DC/4HB","3000","1000"
"2","K15234",1,3.00577200577201,3.00577200577201,3.00577200577201,"rTCA","3000","1000"
"3","K15233",0,0,0,0,"rTCA","3000","1000"
"4","K15232",0,0,0,0,"rTCA","3000","1000"
"5","K15231",0,0,0,0,"rTCA","3000","1000"
"6","K15230",0,0,0,0,"rTCA","3000","1000"
"7","K15052",0,0,0,0,"3HP Bicycle","3000","1000"
"8","K15039",0,0,0,0,"3HP/4HB","3000","1000"
"9","K15023",1,217.552222222222,217.552222222222,217.552222222222,"WL","3000","1000"
"10","K15017",0,0,0,0,"3HP/4HB or DC/4HB","3000","1000"
"11","K15016",11,977.901531454048,3.89726409826912,581.24826629681,"3HP/4HB or DC/4HB","3000","1000"
"12","K14470",19,1234.73011664384,3.81799591002045,321.323784722222,"3HP Bicycle","3000","1000"
"13","K14469",0,0,0,0,"3HP Bicycle","3000","1000"
"14","K14468",0,0,0,0,"3HP Bicycle","3000","1000"
"15","K14467",0,0,0,0,"DC/4HB","3000","1000"
"16","K14466",0,0,0,0,"3HP/4HB","3000","1000"
"17","K14138",0,0,0,0,"WL","3000","1000"
"18","K09709",16,202.730026044529,2.45220588235294,49.0638792102207,"3HP Bicycle","3000","1000"
"19","K08691",21,1308.79202182454,3.80212014134276,364.966049382716,"3HP Bicycle","3000","1000"
"20","K03553",194,5556.86365356332,2.05,339.912137681159,"single copy","3000","1000"
"21","K03076",198,6433.87729418037,2.07684918347743,929.899412628488,"single copy","3000","1000"
"22","K02982",254,9562.01140223105,1.97953216374269,717.579510703364,"single copy","3000","1000"
"23","K01889",234,7974.27794728373,1.75668073136428,509.797575757576,"single copy","3000","1000"
"24","K01602",9,791.773532858224,10.7215189873418,550.833333333333,"CBB","3000","1000"
"25","K01601",5,801.40279378031,16.2358757062147,654.708157524613,"CBB","3000","1000"
"26","K00855",19,1626.27455747754,3.52717948717949,816.521831735889,"CBB","3000","1000"
"27","K00198",0,0,0,0,"WL","3000","1000"
"28","K00197",0,0,0,0,"WL","3000","1000"
"29","K00194",0,0,0,0,"WL","3000","1000"
"30","K18861",0,0,0,0,"3HP/4HB or DC/4HB","3000","150"
"31","K15234",3,24.4129414012226,4.29817708333333,10.1302083333333,"rTCA","3000","150"
"32","K15233",0,0,0,0,"rTCA","3000","150"
"33","K15232",0,0,0,0,"rTCA","3000","150"
"34","K15231",0,0,0,0,"rTCA","3000","150"
"35","K15230",0,0,0,0,"rTCA","3000","150"
"36","K15052",0,0,0,0,"3HP Bicycle","3000","150"
"37","K15039",0,0,0,0,"3HP/4HB","3000","150"
"38","K15023",0,0,0,0,"WL","3000","150"
"39","K15017",0,0,0,0,"3HP/4HB or DC/4HB","3000","150"
"40","K15016",20,1200.43729218192,4.4789139225881,332.355263157895,"3HP/4HB or DC/4HB","3000","150"
"41","K14470",22,1499.33818281025,2.84722222222222,534.236111111111,"3HP Bicycle","3000","150"
"42","K14469",0,0,0,0,"3HP Bicycle","3000","150"
"43","K14468",0,0,0,0,"3HP Bicycle","3000","150"
"44","K14467",0,0,0,0,"DC/4HB","3000","150"
"45","K14466",0,0,0,0,"3HP/4HB","3000","150"
"46","K14138",0,0,0,0,"WL","3000","150"
"47","K09709",12,175.310148335545,4.33797909407665,36.1261904761905,"3HP Bicycle","3000","150"
"48","K08691",48,1902.10159967831,3.46619217081851,299.800838574423,"3HP Bicycle","3000","150"
"49","K03553",277,6794.8976438166,1.63636363636364,444.338150289017,"single copy","3000","150"
"50","K03076",229,6238.35281762562,2.37790697674419,453.018737672584,"single copy","3000","150"
"51","K02982",397,11773.8727439382,1.52432432432432,585.131313131313,"single copy","3000","150"
"52","K01889",293,9329.67674415653,2.70160528800755,512.687687687688,"single copy","3000","150"
"53","K01602",11,1208.49218455744,4.64444444444445,324.152777777778,"CBB","3000","150"
"54","K01601",11,868.934162635885,3.52847805788982,313.403887688985,"CBB","3000","150"
"55","K00855",23,1585.05202676238,4.8859357696567,431.67131242741,"CBB","3000","150"
"56","K00198",0,0,0,0,"WL","3000","150"
"57","K00197",0,0,0,0,"WL","3000","150"
"58","K00194",0,0,0,0,"WL","3000","150"
"59","K18861",0,0,0,0,"3HP/4HB or DC/4HB","3000","2000"
"60","K15234",2,10.3682170542636,4.63824289405685,5.72997416020672,"rTCA","3000","2000"
"61","K15233",0,0,0,0,"rTCA","3000","2000"
"62","K15232",0,0,0,0,"rTCA","3000","2000"
"63","K15231",0,0,0,0,"rTCA","3000","2000"
"64","K15230",0,0,0,0,"rTCA","3000","2000"
"65","K15052",0,0,0,0,"3HP Bicycle","3000","2000"
"66","K15039",0,0,0,0,"3HP/4HB","3000","2000"
"67","K15023",0,0,0,0,"WL","3000","2000"
"68","K15017",0,0,0,0,"3HP/4HB or DC/4HB","3000","2000"
"69","K15016",14,1369.87255268563,3.30347222222222,914.428571428571,"3HP/4HB or DC/4HB","3000","2000"
"70","K14470",15,1676.07218894533,5.73464373464373,892.691358024691,"3HP Bicycle","3000","2000"
"71","K14469",0,0,0,0,"3HP Bicycle","3000","2000"
"72","K14468",0,0,0,0,"3HP Bicycle","3000","2000"
"73","K14467",0,0,0,0,"DC/4HB","3000","2000"
"74","K14466",0,0,0,0,"3HP/4HB","3000","2000"
"75","K14138",0,0,0,0,"WL","3000","2000"
"76","K09709",13,190.441434353013,2.37562189054726,36.1486486486486,"3HP Bicycle","3000","2000"
"77","K08691",39,1043.06673713555,3.22791164658635,180.651991614256,"3HP Bicycle","3000","2000"
"78","K03553",246,8302.53496720832,2.29088639200999,772.089595375723,"single copy","3000","2000"
"79","K03076",235,7363.21538413181,2.10430107526882,736.000752445448,"single copy","3000","2000"
"80","K02982",285,11279.5351037552,2.25378787878788,896.565591397849,"single copy","3000","2000"
"81","K01889",263,11535.5941904296,2.68089430894309,921.898898898899,"single copy","3000","2000"
"82","K01602",7,647.39694923167,11.1888888888889,464.254237288136,"CBB","3000","2000"
"83","K01601",5,533.38012266696,4.26050420168067,446.872714486638,"CBB","3000","2000"
"84","K00855",12,914.370243468303,4.92162698412698,583.610223642173,"CBB","3000","2000"
"85","K00198",0,0,0,0,"WL","3000","2000"
"86","K00197",0,0,0,0,"WL","3000","2000"
"87","K00194",0,0,0,0,"WL","3000","2000"
"88","K18861",0,0,0,0,"3HP/4HB or DC/4HB","3000","3000"
"89","K15234",4,60.9059720538645,4.15245478036176,30.3953488372093,"rTCA","3000","3000"
"90","K15233",0,0,0,0,"rTCA","3000","3000"
"91","K15232",0,0,0,0,"rTCA","3000","3000"
"92","K15231",0,0,0,0,"rTCA","3000","3000"
"93","K15230",0,0,0,0,"rTCA","3000","3000"
"94","K15052",0,0,0,0,"3HP Bicycle","3000","3000"
"95","K15039",0,0,0,0,"3HP/4HB","3000","3000"
"96","K15023",0,0,0,0,"WL","3000","3000"
"97","K15017",0,0,0,0,"3HP/4HB or DC/4HB","3000","3000"
"98","K15016",16,900.580598446873,6.13818722139673,513.648766328012,"3HP/4HB or DC/4HB","3000","3000"
"99","K14470",13,1310.59603833315,4.2211614956245,933.323456790124,"3HP Bicycle","3000","3000"
"100","K14469",0,0,0,0,"3HP Bicycle","3000","3000"
"101","K14468",0,0,0,0,"3HP Bicycle","3000","3000"
"102","K14467",0,0,0,0,"DC/4HB","3000","3000"
"103","K14466",0,0,0,0,"3HP/4HB","3000","3000"
"104","K14138",0,0,0,0,"WL","3000","3000"
"105","K09709",13,348.267448548214,4.56876456876457,96.7212543554007,"3HP Bicycle","3000","3000"
"106","K08691",35,2391.45903327228,3.22962962962963,843.093716719915,"3HP Bicycle","3000","3000"
"107","K03553",219,7466.54543432199,2.37857802400739,978.637457044674,"single copy","3000","3000"
"108","K03076",198,7156.18802425428,2.33149171270718,930.495086923658,"single copy","3000","3000"
"109","K02982",234,10795.3685863436,2.10569105691057,1043.40537634409,"single copy","3000","3000"
"110","K01889",241,10873.9606487256,2.21627647714604,1138.06335493161,"single copy","3000","3000"
"111","K01602",5,477.549789321085,6.13559322033898,357.044444444444,"CBB","3000","3000"
"112","K01601",5,502.225958314091,8.75931232091691,373.990154711674,"CBB","3000","3000"
"113","K00855",18,1910.53255754409,3.61855670103093,720.432055749129,"CBB","3000","3000"
"114","K00198",0,0,0,0,"WL","3000","3000"
"115","K00197",0,0,0,0,"WL","3000","3000"
"116","K00194",0,0,0,0,"WL","3000","3000"
"117","K18861",0,0,0,0,"3HP/4HB or DC/4HB","3000","500"
"118","K15234",2,12.5729146661545,2.23170731707317,10.3412073490814,"rTCA","3000","500"
"119","K15233",0,0,0,0,"rTCA","3000","500"
"120","K15232",0,0,0,0,"rTCA","3000","500"
"121","K15231",0,0,0,0,"rTCA","3000","500"
"122","K15230",0,0,0,0,"rTCA","3000","500"
"123","K15052",0,0,0,0,"3HP Bicycle","3000","500"
"124","K15039",0,0,0,0,"3HP/4HB","3000","500"
"125","K15023",1,146.025,146.025,146.025,"WL","3000","500"
"126","K15017",0,0,0,0,"3HP/4HB or DC/4HB","3000","500"
"127","K15016",12,397.881544327555,4.51476793248945,89.417538614848,"3HP/4HB or DC/4HB","3000","500"
"128","K14470",20,1079.2861898593,3.3252427184466,218.177669111654,"3HP Bicycle","3000","500"
"129","K14469",0,0,0,0,"3HP Bicycle","3000","500"
"130","K14468",0,0,0,0,"3HP Bicycle","3000","500"
"131","K14467",0,0,0,0,"DC/4HB","3000","500"
"132","K14466",0,0,0,0,"3HP/4HB","3000","500"
"133","K14138",0,0,0,0,"WL","3000","500"
"134","K09709",18,231.949761063583,2.91869918699187,50.4006968641115,"3HP Bicycle","3000","500"
"135","K08691",53,2798.04083540518,3.01910828025478,490.632587859425,"3HP Bicycle","3000","500"
"136","K03553",272,7191.70768951798,1.94235588972431,930.874759152216,"single copy","3000","500"
"137","K03076",245,6873.09993598358,1.83287165281625,692.786343612335,"single copy","3000","500"
"138","K02982",382,11333.3749986367,1.42660550458716,1165.7619047619,"single copy","3000","500"
"139","K01889",311,12363.4212978845,2.49870801033592,1377.0278372591,"single copy","3000","500"
"140","K01602",5,667.864590361609,4.37410071942446,387.206214689266,"CBB","3000","500"
"141","K01601",3,160.152238708573,26.1127659574468,99.2278481012658,"CBB","3000","500"
"142","K00855",18,1247.93162773139,3.67327667610954,641.729499467519,"CBB","3000","500"
"143","K00198",0,0,0,0,"WL","3000","500"
"144","K00197",0,0,0,0,"WL","3000","500"
"145","K00194",0,0,0,0,"WL","3000","500"
"146","K18861",0,0,0,0,"3HP/4HB or DC/4HB","3000","50"
"147","K15234",0,0,0,0,"rTCA","3000","50"
"148","K15233",0,0,0,0,"rTCA","3000","50"
"149","K15232",0,0,0,0,"rTCA","3000","50"
"150","K15231",0,0,0,0,"rTCA","3000","50"
"151","K15230",0,0,0,0,"rTCA","3000","50"
"152","K15052",0,0,0,0,"3HP Bicycle","3000","50"
"153","K15039",0,0,0,0,"3HP/4HB","3000","50"
"154","K15023",0,0,0,0,"WL","3000","50"
"155","K15017",0,0,0,0,"3HP/4HB or DC/4HB","3000","50"
"156","K15016",22,396.60921854005,6.11447811447811,57.2732082732083,"3HP/4HB or DC/4HB","3000","50"
"157","K14470",21,585.905416334277,7.45024875621891,76.4282238442822,"3HP Bicycle","3000","50"
"158","K14469",0,0,0,0,"3HP Bicycle","3000","50"
"159","K14468",0,0,0,0,"3HP Bicycle","3000","50"
"160","K14467",0,0,0,0,"DC/4HB","3000","50"
"161","K14466",0,0,0,0,"3HP/4HB","3000","50"
"162","K14138",0,0,0,0,"WL","3000","50"
"163","K09709",24,617.571342723124,5.98731257208766,105.850998463902,"3HP Bicycle","3000","50"
"164","K08691",77,1848.08961599914,4.21729957805907,169.887179487179,"3HP Bicycle","3000","50"
"165","K03553",439,10239.3105495536,1.77256317689531,361.267605633803,"single copy","3000","50"
"166","K03076",448,9029.66932680061,2.0812324929972,517.859208523592,"single copy","3000","50"
"167","K02982",527,10854.3282455526,1.92814371257485,673.859708193042,"single copy","3000","50"
"168","K01889",497,10087.9040295112,1.84057971014493,538.074521651561,"single copy","3000","50"
"169","K01602",21,508.994735188735,2.08771929824561,146.622222222222,"CBB","3000","50"
"170","K01601",11,414.006795134452,6.1085910652921,166.372011251758,"CBB","3000","50"
"171","K00855",16,241.08301326324,3.7203196347032,54.5902547065338,"CBB","3000","50"
"172","K00198",0,0,0,0,"WL","3000","50"
"173","K00197",0,0,0,0,"WL","3000","50"
"174","K00194",0,0,0,0,"WL","3000","50"
"175","K18861",0,0,0,0,"3HP/4HB or DC/4HB","3500","1000"
"176","K15234",0,0,0,0,"rTCA","3500","1000"
"177","K15233",0,0,0,0,"rTCA","3500","1000"
"178","K15232",0,0,0,0,"rTCA","3500","1000"
"179","K15231",0,0,0,0,"rTCA","3500","1000"
"180","K15230",0,0,0,0,"rTCA","3500","1000"
"181","K15052",0,0,0,0,"3HP Bicycle","3500","1000"
"182","K15039",0,0,0,0,"3HP/4HB","3500","1000"
"183","K15023",1,166.143333333333,166.143333333333,166.143333333333,"WL","3500","1000"
"184","K15017",0,0,0,0,"3HP/4HB or DC/4HB","3500","1000"
"185","K15016",5,603.985122381182,10.6384514435696,529.635691169672,"3HP/4HB or DC/4HB","3500","1000"
"186","K14470",13,881.405581564005,4.5419982316534,256.446369636964,"3HP Bicycle","3500","1000"
"187","K14469",0,0,0,0,"3HP Bicycle","3500","1000"
"188","K14468",0,0,0,0,"3HP Bicycle","3500","1000"
"189","K14467",0,0,0,0,"DC/4HB","3500","1000"
"190","K14466",0,0,0,0,"3HP/4HB","3500","1000"
"191","K14138",0,0,0,0,"WL","3500","1000"
"192","K09709",10,108.228732595395,5.37777777777778,17.5180023228804,"3HP Bicycle","3500","1000"
"193","K08691",34,1541.17250966808,4.29213483146067,283.330138445154,"3HP Bicycle","3500","1000"
"194","K03553",189,5783.0570904857,2.67075664621677,713.420038535645,"single copy","3500","1000"
"195","K03076",194,5863.65461164312,3.07659115426106,701.245961820852,"single copy","3500","1000"
"196","K02982",234,9188.45801760485,1.76,644.888379204893,"single copy","3500","1000"
"197","K01889",225,9013.51760472886,3.24771689497717,594.138957816377,"single copy","3500","1000"
"198","K01602",8,622.601913001757,1.06267806267806,493.293785310735,"CBB","3500","1000"
"199","K01601",5,609.924161763104,8.96186440677966,492.412095639944,"CBB","3500","1000"
"200","K00855",18,1480.05497393302,5.5140625,615.470713525027,"CBB","3500","1000"
"201","K00198",0,0,0,0,"WL","3500","1000"
"202","K00197",0,0,0,0,"WL","3500","1000"
"203","K00194",0,0,0,0,"WL","3500","1000"
"204","K18861",0,0,0,0,"3HP/4HB or DC/4HB","3500","150"
"205","K15234",4,32.8660883772873,7.75418275418275,8.87043580683157,"rTCA","3500","150"
"206","K15233",0,0,0,0,"rTCA","3500","150"
"207","K15232",0,0,0,0,"rTCA","3500","150"
"208","K15231",0,0,0,0,"rTCA","3500","150"
"209","K15230",0,0,0,0,"rTCA","3500","150"
"210","K15052",0,0,0,0,"3HP Bicycle","3500","150"
"211","K15039",0,0,0,0,"3HP/4HB","3500","150"
"212","K15023",0,0,0,0,"WL","3500","150"
"213","K15017",0,0,0,0,"3HP/4HB or DC/4HB","3500","150"
"214","K15016",17,865.355210593615,7.0599593495935,170.663763909047,"3HP/4HB or DC/4HB","3500","150"
"215","K14470",21,916.945605319553,6.1264367816092,259.272277227723,"3HP Bicycle","3500","150"
"216","K14469",0,0,0,0,"3HP Bicycle","3500","150"
"217","K14468",0,0,0,0,"3HP Bicycle","3500","150"
"218","K14467",0,0,0,0,"DC/4HB","3500","150"
"219","K14466",0,0,0,0,"3HP/4HB","3500","150"
"220","K14138",0,0,0,0,"WL","3500","150"
"221","K09709",17,205.458989775025,2.97481481481482,47.2494172494172,"3HP Bicycle","3500","150"
"222","K08691",59,2214.64127734036,4.31047619047619,260.086261980831,"3HP Bicycle","3500","150"
"223","K03553",354,6562.1293251759,2.02766798418972,248.36958443855,"single copy","3500","150"
"224","K03076",314,6606.33974660859,2.91025641025641,388.226138032305,"single copy","3500","150"
"225","K02982",451,11151.0664501411,2.03242542153048,368.717125382263,"single copy","3500","150"
"226","K01889",416,10638.9062383726,1.72761194029851,453.117350611951,"single copy","3500","150"
"227","K01602",11,932.060016411084,3.44761904761905,287.477401129944,"CBB","3500","150"
"228","K01601",14,990.173294165258,3.68923611111111,249.840809146878,"CBB","3500","150"
"229","K00855",13,1114.11615443705,9.06185567010309,287.304297328688,"CBB","3500","150"
"230","K00198",0,0,0,0,"WL","3500","150"
"231","K00197",0,0,0,0,"WL","3500","150"
"232","K00194",0,0,0,0,"WL","3500","150"
"233","K18861",0,0,0,0,"3HP/4HB or DC/4HB","3500","2000"
"234","K15234",1,7.35529715762274,7.35529715762274,7.35529715762274,"rTCA","3500","2000"
"235","K15233",0,0,0,0,"rTCA","3500","2000"
"236","K15232",0,0,0,0,"rTCA","3500","2000"
"237","K15231",0,0,0,0,"rTCA","3500","2000"
"238","K15230",0,0,0,0,"rTCA","3500","2000"
"239","K15052",0,0,0,0,"3HP Bicycle","3500","2000"
"240","K15039",0,0,0,0,"3HP/4HB","3500","2000"
"241","K15023",0,0,0,0,"WL","3500","2000"
"242","K15017",0,0,0,0,"3HP/4HB or DC/4HB","3500","2000"
"243","K15016",9,766.313530429356,4.56446225784903,580.886269070735,"3HP/4HB or DC/4HB","3500","2000"
"244","K14470",13,930.752930935952,9.53739837398374,460.035390946502,"3HP Bicycle","3500","2000"
"245","K14469",0,0,0,0,"3HP Bicycle","3500","2000"
"246","K14468",0,0,0,0,"3HP Bicycle","3500","2000"
"247","K14467",0,0,0,0,"DC/4HB","3500","2000"
"248","K14466",0,0,0,0,"3HP/4HB","3500","2000"
"249","K14138",0,0,0,0,"WL","3500","2000"
"250","K09709",12,203.423527657169,4.30058479532164,42.1455782312925,"3HP Bicycle","3500","2000"
"251","K08691",34,1052.42491359682,2.94110718492344,120.877083333333,"3HP Bicycle","3500","2000"
"252","K03553",238,7688.01921046758,2.3273596176822,715.819845857418,"single copy","3500","2000"
"253","K03076",191,6735.151203656,3.02481121898598,721.846501128668,"single copy","3500","2000"
"254","K02982",236,10658.4570437887,3.21253822629969,743.179698216735,"single copy","3500","2000"
"255","K01889",219,9902.78237350487,2.73826291079812,1314.00676328502,"single copy","3500","2000"
"256","K01602",5,481.765349586162,6.69444444444445,405.372881355932,"CBB","3500","2000"
"257","K01601",3,53.1780777021779,8.10049539985846,33.190576652602,"CBB","3500","2000"
"258","K00855",12,1149.69938663606,4.52546296296296,505.084132055378,"CBB","3500","2000"
"259","K00198",0,0,0,0,"WL","3500","2000"
"260","K00197",0,0,0,0,"WL","3500","2000"
"261","K00194",0,0,0,0,"WL","3500","2000"
"262","K18861",0,0,0,0,"3HP/4HB or DC/4HB","3500","3000"
"263","K15234",1,16.2054263565891,16.2054263565891,16.2054263565891,"rTCA","3500","3000"
"264","K15233",0,0,0,0,"rTCA","3500","3000"
"265","K15232",0,0,0,0,"rTCA","3500","3000"
"266","K15231",0,0,0,0,"rTCA","3500","3000"
"267","K15230",0,0,0,0,"rTCA","3500","3000"
"268","K15052",0,0,0,0,"3HP Bicycle","3500","3000"
"269","K15039",0,0,0,0,"3HP/4HB","3500","3000"
"270","K15023",0,0,0,0,"WL","3500","3000"
"271","K15017",0,0,0,0,"3HP/4HB or DC/4HB","3500","3000"
"272","K15016",7,795.751938034144,6.17536015896672,450.371851851852,"3HP/4HB or DC/4HB","3500","3000"
"273","K14470",15,1041.64631578986,5.51861042183623,470.442322991249,"3HP Bicycle","3500","3000"
"274","K14469",0,0,0,0,"3HP Bicycle","3500","3000"
"275","K14468",0,0,0,0,"3HP Bicycle","3500","3000"
"276","K14467",0,0,0,0,"DC/4HB","3500","3000"
"277","K14466",0,0,0,0,"3HP/4HB","3500","3000"
"278","K14138",0,0,0,0,"WL","3500","3000"
"279","K09709",14,281.954127151054,3.57908496732026,63.2903600464576,"3HP Bicycle","3500","3000"
"280","K08691",33,1579.13891125641,4.66761904761905,332.683438155136,"3HP Bicycle","3500","3000"
"281","K03553",229,8603.33069429778,2.98115079365079,633.022336769759,"single copy","3500","3000"
"282","K03076",203,8657.66003185939,3.17168674698795,713.729166666667,"single copy","3500","3000"
"283","K02982",237,11877.2019763631,1.53571428571429,744.664516129032,"single copy","3500","3000"
"284","K01889",233,11558.0974767814,2.97652582159624,732.832832832833,"single copy","3500","3000"
"285","K01602",7,514.468338005852,6.27401129943503,273.708333333333,"CBB","3500","3000"
"286","K01601",3,365.466401937778,13.5476673427992,321.092827004219,"CBB","3500","3000"
"287","K00855",17,1020.87368362065,4.67567567567567,318.858304297329,"CBB","3500","3000"
"288","K00198",0,0,0,0,"WL","3500","3000"
"289","K00197",0,0,0,0,"WL","3500","3000"
"290","K00194",0,0,0,0,"WL","3500","3000"
"291","K18861",0,0,0,0,"3HP/4HB or DC/4HB","3500","500"
"292","K15234",0,0,0,0,"rTCA","3500","500"
"293","K15233",0,0,0,0,"rTCA","3500","500"
"294","K15232",0,0,0,0,"rTCA","3500","500"
"295","K15231",0,0,0,0,"rTCA","3500","500"
"296","K15230",0,0,0,0,"rTCA","3500","500"
"297","K15052",0,0,0,0,"3HP Bicycle","3500","500"
"298","K15039",0,0,0,0,"3HP/4HB","3500","500"
"299","K15023",0,0,0,0,"WL","3500","500"
"300","K15017",0,0,0,0,"3HP/4HB or DC/4HB","3500","500"
"301","K15016",9,661.007477804645,7.96806966618287,206.135416666667,"3HP/4HB or DC/4HB","3500","500"
"302","K14470",16,471.59832280676,4,109.469471947195,"3HP Bicycle","3500","500"
"303","K14469",0,0,0,0,"3HP Bicycle","3500","500"
"304","K14468",0,0,0,0,"3HP Bicycle","3500","500"
"305","K14467",0,0,0,0,"DC/4HB","3500","500"
"306","K14466",0,0,0,0,"3HP/4HB","3500","500"
"307","K14138",0,0,0,0,"WL","3500","500"
"308","K09709",4,73.124737644733,3.9290780141844,40.9744483159117,"3HP Bicycle","3500","500"
"309","K08691",42,1788.02568694633,5.62647058823529,221.694355697551,"3HP Bicycle","3500","500"
"310","K03553",194,5567.22701540188,2.35897435897436,694.033718689788,"single copy","3500","500"
"311","K03076",194,5207.78175630345,2.41769547325103,791.569016152717,"single copy","3500","500"
"312","K02982",258,8032.80821039832,2.45269286754003,559.423547400612,"single copy","3500","500"
"313","K01889",229,8760.55096328033,2.03485838779956,1240.70990990991,"single copy","3500","500"
"314","K01602",7,661.582357912019,4.20762711864407,386.099715099715,"CBB","3500","500"
"315","K01601",6,791.813491402405,3.72727272727273,576.107594936709,"CBB","3500","500"
"316","K00855",16,1115.11054435526,3.2368125701459,654.426573426573,"CBB","3500","500"
"317","K00198",0,0,0,0,"WL","3500","500"
"318","K00197",0,0,0,0,"WL","3500","500"
"319","K00194",0,0,0,0,"WL","3500","500"
"320","K18861",0,0,0,0,"3HP/4HB or DC/4HB","3500","50"
"321","K15234",0,0,0,0,"rTCA","3500","50"
"322","K15233",0,0,0,0,"rTCA","3500","50"
"323","K15232",0,0,0,0,"rTCA","3500","50"
"324","K15231",0,0,0,0,"rTCA","3500","50"
"325","K15230",0,0,0,0,"rTCA","3500","50"
"326","K15052",0,0,0,0,"3HP Bicycle","3500","50"
"327","K15039",0,0,0,0,"3HP/4HB","3500","50"
"328","K15023",0,0,0,0,"WL","3500","50"
"329","K15017",0,0,0,0,"3HP/4HB or DC/4HB","3500","50"
"330","K15016",32,837.989424807976,6.28023598820059,110.217412217412,"3HP/4HB or DC/4HB","3500","50"
"331","K14470",8,298.340022998742,12.0732510288066,67.1753086419753,"3HP Bicycle","3500","50"
"332","K14469",1,8.20369344413666,8.20369344413666,8.20369344413666,"3HP Bicycle","3500","50"
"333","K14468",0,0,0,0,"3HP Bicycle","3500","50"
"334","K14467",0,0,0,0,"DC/4HB","3500","50"
"335","K14466",0,0,0,0,"3HP/4HB","3500","50"
"336","K14138",0,0,0,0,"WL","3500","50"
"337","K09709",11,307.945423277549,5.33932853717026,73.403073286052,"3HP Bicycle","3500","50"
"338","K08691",53,1328.45550247121,5.27597402597403,127.175,"3HP Bicycle","3500","50"
"339","K03553",349,9573.37393673481,2.38418079096045,341.725024727992,"single copy","3500","50"
"340","K03076",328,8184.21426156074,2.68285714285714,380.237442922374,"single copy","3500","50"
"341","K02982",375,9673.24193830173,2.48501872659176,374.060606060606,"single copy","3500","50"
"342","K01889",395,8848.93177940153,2.53979238754325,331.480362537764,"single copy","3500","50"
"343","K01602",19,824.404598070028,4.32873563218391,215.002923976608,"CBB","3500","50"
"344","K01601",12,955.649073618982,7.29025423728814,303.625619249823,"CBB","3500","50"
"345","K00855",20,931.090278206172,3.80887372013652,201.675990675991,"CBB","3500","50"
"346","K00198",0,0,0,0,"WL","3500","50"
"347","K00197",0,0,0,0,"WL","3500","50"
"348","K00194",0,0,0,0,"WL","3500","50"
"349","K18861",0,0,0,0,"3HP/4HB or DC/4HB","4000","1000"
"350","K15234",1,7.17979002624672,7.17979002624672,7.17979002624672,"rTCA","4000","1000"
"351","K15233",0,0,0,0,"rTCA","4000","1000"
"352","K15232",0,0,0,0,"rTCA","4000","1000"
"353","K15231",0,0,0,0,"rTCA","4000","1000"
"354","K15230",0,0,0,0,"rTCA","4000","1000"
"355","K15052",0,0,0,0,"3HP Bicycle","4000","1000"
"356","K15039",0,0,0,0,"3HP/4HB","4000","1000"
"357","K15023",0,0,0,0,"WL","4000","1000"
"358","K15017",0,0,0,0,"3HP/4HB or DC/4HB","4000","1000"
"359","K15016",6,215.978695438399,8.78947368421053,110.167394468705,"3HP/4HB or DC/4HB","4000","1000"
"360","K14470",13,821.533567688052,6.83008130081301,352.763201320132,"3HP Bicycle","4000","1000"
"361","K14469",0,0,0,0,"3HP Bicycle","4000","1000"
"362","K14468",0,0,0,0,"3HP Bicycle","4000","1000"
"363","K14467",0,0,0,0,"DC/4HB","4000","1000"
"364","K14466",0,0,0,0,"3HP/4HB","4000","1000"
"365","K14138",0,0,0,0,"WL","4000","1000"
"366","K09709",13,191.000029638145,4.7508896797153,33.4088269454123,"3HP Bicycle","4000","1000"
"367","K08691",35,1574.2028477014,3.31904761904762,361.937167199148,"3HP Bicycle","4000","1000"
"368","K03553",219,6636.18752850304,2.53963083604777,741.056840077071,"single copy","4000","1000"
"369","K03076",207,6459.22334485137,3.02195608782435,767.599699021821,"single copy","4000","1000"
"370","K02982",260,9083.62960135988,3.06140350877193,693.825688073394,"single copy","4000","1000"
"371","K01889",247,9845.37958110792,2.18055555555556,427.123689727463,"single copy","4000","1000"
"372","K01602",7,514.322468816586,15.9355742296919,367.840455840456,"CBB","4000","1000"
"373","K01601",5,691.151445794534,13.9703389830508,565.641350210971,"CBB","4000","1000"
"374","K00855",20,1265.44720741622,3.51528384279476,683.34291799787,"CBB","4000","1000"
"375","K00198",0,0,0,0,"WL","4000","1000"
"376","K00197",0,0,0,0,"WL","4000","1000"
"377","K00194",0,0,0,0,"WL","4000","1000"
"378","K18861",0,0,0,0,"3HP/4HB or DC/4HB","4000","150"
"379","K15234",3,20.089547377617,2.9453125,13.6364829396325,"rTCA","4000","150"
"380","K15233",0,0,0,0,"rTCA","4000","150"
"381","K15232",0,0,0,0,"rTCA","4000","150"
"382","K15231",0,0,0,0,"rTCA","4000","150"
"383","K15230",0,0,0,0,"rTCA","4000","150"
"384","K15052",0,0,0,0,"3HP Bicycle","4000","150"
"385","K15039",0,0,0,0,"3HP/4HB","4000","150"
"386","K15023",0,0,0,0,"WL","4000","150"
"387","K15017",0,0,0,0,"3HP/4HB or DC/4HB","4000","150"
"388","K15016",23,493.700966580704,4.23706176961603,90.6027131782946,"3HP/4HB or DC/4HB","4000","150"
"389","K14470",12,371.496826121588,4.99226804123711,122.822607260726,"3HP Bicycle","4000","150"
"390","K14469",0,0,0,0,"3HP Bicycle","4000","150"
"391","K14468",0,0,0,0,"3HP Bicycle","4000","150"
"392","K14467",0,0,0,0,"DC/4HB","4000","150"
"393","K14466",0,0,0,0,"3HP/4HB","4000","150"
"394","K14138",0,0,0,0,"WL","4000","150"
"395","K09709",9,114.576096606557,3.75072463768116,49.972619047619,"3HP Bicycle","4000","150"
"396","K08691",36,988.962726721958,3.3468992248062,183.233752620545,"3HP Bicycle","4000","150"
"397","K03553",232,3816.0976516643,2.2682379349046,233.308285163777,"single copy","4000","150"
"398","K03076",201,3289.41221926499,3.15160349854227,257.820117474302,"single copy","4000","150"
"399","K02982",302,5852.96993220649,1.77872340425532,205.628070175439,"single copy","4000","150"
"400","K01889",295,5849.90963568428,1.82683982683983,244.828070175439,"single copy","4000","150"
"401","K01602",9,406.161082984812,2.95555555555556,150.446327683616,"CBB","4000","150"
"402","K01601",12,696.907373665888,4.30910609857978,197.052039381153,"CBB","4000","150"
"403","K00855",12,475.165119939801,2.26910299003322,134.863684771033,"CBB","4000","150"
"404","K00198",0,0,0,0,"WL","4000","150"
"405","K00197",0,0,0,0,"WL","4000","150"
"406","K00194",0,0,0,0,"WL","4000","150"
"407","K18861",0,0,0,0,"3HP/4HB or DC/4HB","4000","2000"
"408","K15234",2,8.42078916372203,2.91666666666667,5.50412249705536,"rTCA","4000","2000"
"409","K15233",0,0,0,0,"rTCA","4000","2000"
"410","K15232",0,0,0,0,"rTCA","4000","2000"
"411","K15231",0,0,0,0,"rTCA","4000","2000"
"412","K15230",0,0,0,0,"rTCA","4000","2000"
"413","K15052",0,0,0,0,"3HP Bicycle","4000","2000"
"414","K15039",0,0,0,0,"3HP/4HB","4000","2000"
"415","K15023",0,0,0,0,"WL","4000","2000"
"416","K15017",0,0,0,0,"3HP/4HB or DC/4HB","4000","2000"
"417","K15016",7,726.208610767639,7.36037527593819,573.837725381415,"3HP/4HB or DC/4HB","4000","2000"
"418","K14470",13,1034.35009758322,7.68218954248366,498.15251572327,"3HP Bicycle","4000","2000"
"419","K14469",0,0,0,0,"3HP Bicycle","4000","2000"
"420","K14468",0,0,0,0,"3HP Bicycle","4000","2000"
"421","K14467",0,0,0,0,"DC/4HB","4000","2000"
"422","K14466",0,0,0,0,"3HP/4HB","4000","2000"
"423","K14138",0,0,0,0,"WL","4000","2000"
"424","K09709",12,146.931111807648,3.55676328502415,25.8339140534263,"3HP Bicycle","4000","2000"
"425","K08691",33,1708.80803829895,4.48338692390139,491.204472843451,"3HP Bicycle","4000","2000"
"426","K03553",229,5992.02053360163,2.16037735849057,414.052833813641,"single copy","4000","2000"
"427","K03076",175,5860.89239416108,2.87468671679198,698.887133182844,"single copy","4000","2000"
"428","K02982",227,9371.81963687284,2.77649325626204,648.390946502058,"single copy","4000","2000"
"429","K01889",210,8446.73058078634,2.93742889647327,838.440104166667,"single copy","4000","2000"
"430","K01602",8,507.944105706892,7.075,208.75988700565,"CBB","4000","2000"
"431","K01601",4,50.5822838446685,3.69535864978903,27.5597749648383,"CBB","4000","2000"
"432","K00855",13,1102.4798482397,8.4015401540154,498.779552715655,"CBB","4000","2000"
"433","K00198",0,0,0,0,"WL","4000","2000"
"434","K00197",0,0,0,0,"WL","4000","2000"
"435","K00194",0,0,0,0,"WL","4000","2000"
"436","K18861",0,0,0,0,"3HP/4HB or DC/4HB","4000","3000"
"437","K15234",2,14.1301668173227,6.17667844522968,7.95348837209302,"rTCA","4000","3000"
"438","K15233",0,0,0,0,"rTCA","4000","3000"
"439","K15232",0,0,0,0,"rTCA","4000","3000"
"440","K15231",0,0,0,0,"rTCA","4000","3000"
"441","K15230",0,0,0,0,"rTCA","4000","3000"
"442","K15052",0,0,0,0,"3HP Bicycle","4000","3000"
"443","K15039",0,0,0,0,"3HP/4HB","4000","3000"
"444","K15023",0,0,0,0,"WL","4000","3000"
"445","K15017",0,0,0,0,"3HP/4HB or DC/4HB","4000","3000"
"446","K15016",5,576.242945434557,7.56375502008032,281.153086419753,"3HP/4HB or DC/4HB","4000","3000"
"447","K14470",11,258.8925430443,4.63684210526316,75.2062350119904,"3HP Bicycle","4000","3000"
"448","K14469",0,0,0,0,"3HP Bicycle","4000","3000"
"449","K14468",0,0,0,0,"3HP Bicycle","4000","3000"
"450","K14467",0,0,0,0,"DC/4HB","4000","3000"
"451","K14466",0,0,0,0,"3HP/4HB","4000","3000"
"452","K14138",0,0,0,0,"WL","4000","3000"
"453","K09709",15,247.393934061292,2.86666666666667,41.1114982578397,"3HP Bicycle","4000","3000"
"454","K08691",31,760.350932458649,3.27811860940695,158.039707419018,"3HP Bicycle","4000","3000"
"455","K03553",188,5828.40601755612,2.49647266313933,498.641427328111,"single copy","4000","3000"
"456","K03076",153,5382.61289176809,2.68842268842269,527.32350718065,"single copy","4000","3000"
"457","K02982",201,8622.0187528757,1.91707317073171,601.7,"single copy","4000","3000"
"458","K01889",194,8496.35212713217,2.198606271777,837.498245614035,"single copy","4000","3000"
"459","K01602",3,240.737193973635,15.6666666666667,135.064971751412,"CBB","4000","3000"
"460","K01601",3,244.229479606188,21.06,122.925457102672,"CBB","4000","3000"
"461","K00855",13,650.787101622357,3.8547263681592,164.593261131167,"CBB","4000","3000"
"462","K00198",0,0,0,0,"WL","4000","3000"
"463","K00197",0,0,0,0,"WL","4000","3000"
"464","K00194",0,0,0,0,"WL","4000","3000"
"465","K18861",0,0,0,0,"3HP/4HB or DC/4HB","4000","500"
"466","K15234",1,6.45669291338583,6.45669291338583,6.45669291338583,"rTCA","4000","500"
"467","K15233",0,0,0,0,"rTCA","4000","500"
"468","K15232",0,0,0,0,"rTCA","4000","500"
"469","K15231",0,0,0,0,"rTCA","4000","500"
"470","K15230",0,0,0,0,"rTCA","4000","500"
"471","K15052",0,0,0,0,"3HP Bicycle","4000","500"
"472","K15039",0,0,0,0,"3HP/4HB","4000","500"
"473","K15023",0,0,0,0,"WL","4000","500"
"474","K15017",0,0,0,0,"3HP/4HB or DC/4HB","4000","500"
"475","K15016",9,275.945489845077,5.21480406386067,82.8588410104012,"3HP/4HB or DC/4HB","4000","500"
"476","K14470",12,276.429939383535,4.43399339933993,59.1442786069652,"3HP Bicycle","4000","500"
"477","K14469",0,0,0,0,"3HP Bicycle","4000","500"
"478","K14468",0,0,0,0,"3HP Bicycle","4000","500"
"479","K14467",0,0,0,0,"DC/4HB","4000","500"
"480","K14466",0,0,0,0,"3HP/4HB","4000","500"
"481","K14138",0,0,0,0,"WL","4000","500"
"482","K09709",6,51.7503649541949,3.83985765124555,13.7654761904762,"3HP Bicycle","4000","500"
"483","K08691",29,928.040913207888,6.0937167199148,192.825607064018,"3HP Bicycle","4000","500"
"484","K03553",148,2972.32238592604,3.16279069767442,400.842827004219,"single copy","4000","500"
"485","K03076",137,2892.66820691034,2.54153182308522,483.245297215952,"single copy","4000","500"
"486","K02982",211,5551.40162702708,2.42121212121212,436.32874617737,"single copy","4000","500"
"487","K01889",186,5592.46182472325,1.96503496503496,984.555855855856,"single copy","4000","500"
"488","K01602",6,538.124228596262,4.25141242937853,406.742937853107,"CBB","4000","500"
"489","K01601",6,513.490809532891,4.90297790585975,403.914908579465,"CBB","4000","500"
"490","K00855",12,751.860577401313,8.46296296296296,372.245920745921,"CBB","4000","500"
"491","K00198",0,0,0,0,"WL","4000","500"
"492","K00197",0,0,0,0,"WL","4000","500"
"493","K00194",0,0,0,0,"WL","4000","500"
"494","K18861",0,0,0,0,"3HP/4HB or DC/4HB","4000","50"
"495","K15234",0,0,0,0,"rTCA","4000","50"
"496","K15233",0,0,0,0,"rTCA","4000","50"
"497","K15232",0,0,0,0,"rTCA","4000","50"
"498","K15231",0,0,0,0,"rTCA","4000","50"
"499","K15230",0,0,0,0,"rTCA","4000","50"
"500","K15052",0,0,0,0,"3HP Bicycle","4000","50"
"501","K15039",0,0,0,0,"3HP/4HB","4000","50"
"502","K15023",0,0,0,0,"WL","4000","50"
"503","K15017",0,0,0,0,"3HP/4HB or DC/4HB","4000","50"
"504","K15016",18,286.549339972232,4.34348864994026,73.0972423802612,"3HP/4HB or DC/4HB","4000","50"
"505","K14470",7,129.056608865688,4.90849673202614,73.0460905349794,"3HP Bicycle","4000","50"
"506","K14469",0,0,0,0,"3HP Bicycle","4000","50"
"507","K14468",0,0,0,0,"3HP Bicycle","4000","50"
"508","K14467",0,0,0,0,"DC/4HB","4000","50"
"509","K14466",0,0,0,0,"3HP/4HB","4000","50"
"510","K14138",0,0,0,0,"WL","4000","50"
"511","K09709",6,65.372261181547,4.32051282051282,17.68961352657,"3HP Bicycle","4000","50"
"512","K08691",54,894.319073121965,3.56728778467909,137.581799591002,"3HP Bicycle","4000","50"
"513","K03553",223,5896.78605475081,2.61035422343324,767.004409171076,"single copy","4000","50"
"514","K03076",245,4881.92866730733,2.62228796844181,305.082575757576,"single copy","4000","50"
"515","K02982",250,6015.99959420334,1.74833333333333,789.923809523809,"single copy","4000","50"
"516","K01889",304,5718.9870396821,2.45953360768176,474.407738095238,"single copy","4000","50"
"517","K01602",15,2213.84757923049,3.98800959232614,1103.15789473684,"CBB","4000","50"
"518","K01601",15,1344.30776304661,5.06913073237508,786.302672955975,"CBB","4000","50"
"519","K00855",21,1917.82871112615,3.62199312714777,611.192222222222,"CBB","4000","50"
"520","K00198",0,0,0,0,"WL","4000","50"
"521","K00197",0,0,0,0,"WL","4000","50"
"522","K00194",0,0,0,0,"WL","4000","50"
"523","K18861",0,0,0,0,"3HP/4HB or DC/4HB","4500","1000"
"524","K15234",2,15.2599213525871,6.44758539458186,8.81233595800525,"rTCA","4500","1000"
"525","K15233",0,0,0,0,"rTCA","4500","1000"
"526","K15232",0,0,0,0,"rTCA","4500","1000"
"527","K15231",0,0,0,0,"rTCA","4500","1000"
"528","K15230",0,0,0,0,"rTCA","4500","1000"
"529","K15052",0,0,0,0,"3HP Bicycle","4500","1000"
"530","K15039",0,0,0,0,"3HP/4HB","4500","1000"
"531","K15023",0,0,0,0,"WL","4500","1000"
"532","K15017",0,0,0,0,"3HP/4HB or DC/4HB","4500","1000"
"533","K15016",4,122.427574645817,13.943231441048,49.7017543859649,"3HP/4HB or DC/4HB","4500","1000"
"534","K14470",16,776.86593593101,3.23076923076923,269.066831683168,"3HP Bicycle","4500","1000"
"535","K14469",0,0,0,0,"3HP Bicycle","4500","1000"
"536","K14468",0,0,0,0,"3HP Bicycle","4500","1000"
"537","K14467",0,0,0,0,"DC/4HB","4500","1000"
"538","K14466",0,0,0,0,"3HP/4HB","4500","1000"
"539","K14138",0,0,0,0,"WL","4500","1000"
"540","K09709",18,151.818992737899,3.79833926453144,17.7921022067364,"3HP Bicycle","4500","1000"
"541","K08691",32,1258.33515991832,4.36865342163355,231.180602006689,"3HP Bicycle","4500","1000"
"542","K03553",197,5403.5103281597,2.21308016877637,736.326589595376,"single copy","4500","1000"
"543","K03076",182,4991.42077910422,2.23756906077348,756.739353891336,"single copy","4500","1000"
"544","K02982",248,7920.7291088439,1.82003129890454,686.58868501529,"single copy","4500","1000"
"545","K01889",203,5979.70158495039,2.40729783037475,410.541052631579,"single copy","4500","1000"
"546","K01602",6,276.167887221526,19.7254901960784,116.872881355932,"CBB","4500","1000"
"547","K01601",5,646.483018815232,17.0331920903955,527.130801687764,"CBB","4500","1000"
"548","K00855",15,1165.13229453257,5.32040229885058,646.074547390841,"CBB","4500","1000"
"549","K00198",0,0,0,0,"WL","4500","1000"
"550","K00197",0,0,0,0,"WL","4500","1000"
"551","K00194",0,0,0,0,"WL","4500","1000"
"552","K18861",0,0,0,0,"3HP/4HB or DC/4HB","4500","150"
"553","K15234",6,158.752307616907,4.81510416666667,115.933070866142,"rTCA","4500","150"
"554","K15233",0,0,0,0,"rTCA","4500","150"
"555","K15232",0,0,0,0,"rTCA","4500","150"
"556","K15231",1,3.78765432098766,3.78765432098766,3.78765432098766,"rTCA","4500","150"
"557","K15230",0,0,0,0,"rTCA","4500","150"
"558","K15052",0,0,0,0,"3HP Bicycle","4500","150"
"559","K15039",0,0,0,0,"3HP/4HB","4500","150"
"560","K15023",0,0,0,0,"WL","4500","150"
"561","K15017",0,0,0,0,"3HP/4HB or DC/4HB","4500","150"
"562","K15016",32,1319.66114902387,4.37145801133436,238.719883889695,"3HP/4HB or DC/4HB","4500","150"
"563","K14470",33,888.418102466268,4.75764525993884,124.132489451477,"3HP Bicycle","4500","150"
"564","K14469",0,0,0,0,"3HP Bicycle","4500","150"
"565","K14468",0,0,0,0,"3HP Bicycle","4500","150"
"566","K14467",0,0,0,0,"DC/4HB","4500","150"
"567","K14466",0,0,0,0,"3HP/4HB","4500","150"
"568","K14138",0,0,0,0,"WL","4500","150"
"569","K09709",34,438.146604983573,3.08196721311475,63.872619047619,"3HP Bicycle","4500","150"
"570","K08691",41,1396.01372784545,3.2815734989648,275.18835978836,"3HP Bicycle","4500","150"
"571","K03553",282,6207.01705851958,1.92401960784314,301.93063583815,"single copy","4500","150"
"572","K03076",276,5544.7297913875,2.61657559198543,379.477973568282,"single copy","4500","150"
"573","K02982",429,9154.18702666092,1.7710027100271,369.857142857143,"single copy","4500","150"
"574","K01889",357,7524.28070035795,2.23843416370107,353.860496311201,"single copy","4500","150"
"575","K01602",21,764.417522650159,3.13611111111111,229.870056497175,"CBB","4500","150"
"576","K01601",20,585.299339011844,2.12534818941504,224.907366885485,"CBB","4500","150"
"577","K00855",21,692.439351439023,3.50704225352113,225.924387646432,"CBB","4500","150"
"578","K00198",0,0,0,0,"WL","4500","150"
"579","K00197",0,0,0,0,"WL","4500","150"
"580","K00194",0,0,0,0,"WL","4500","150"
"581","K18861",0,0,0,0,"3HP/4HB or DC/4HB","4500","2000"
"582","K15234",2,15.3132321655208,7.32744405182568,7.98578811369509,"rTCA","4500","2000"
"583","K15233",0,0,0,0,"rTCA","4500","2000"
"584","K15232",0,0,0,0,"rTCA","4500","2000"
"585","K15231",0,0,0,0,"rTCA","4500","2000"
"586","K15230",0,0,0,0,"rTCA","4500","2000"
"587","K15052",0,0,0,0,"3HP Bicycle","4500","2000"
"588","K15039",0,0,0,0,"3HP/4HB","4500","2000"
"589","K15023",0,0,0,0,"WL","4500","2000"
"590","K15017",0,0,0,0,"3HP/4HB or DC/4HB","4500","2000"
"591","K15016",8,1167.97938507014,9.12513484358145,888.364296081277,"3HP/4HB or DC/4HB","4500","2000"
"592","K14470",15,1118.44736575593,3.78465346534654,780.045267489712,"3HP Bicycle","4500","2000"
"593","K14469",0,0,0,0,"3HP Bicycle","4500","2000"
"594","K14468",0,0,0,0,"3HP Bicycle","4500","2000"
"595","K14467",0,0,0,0,"DC/4HB","4500","2000"
"596","K14466",0,0,0,0,"3HP/4HB","4500","2000"
"597","K14138",0,0,0,0,"WL","4500","2000"
"598","K09709",24,289.73778459884,2.74705882352941,46.7789232531501,"3HP Bicycle","4500","2000"
"599","K08691",41,1473.15444988729,3.48548199767712,467.646525679758,"3HP Bicycle","4500","2000"
"600","K03553",299,8271.32984723917,2.25429553264605,657.075144508671,"single copy","4500","2000"
"601","K03076",270,8045.77044697396,2.15715467328371,902.772761474793,"single copy","4500","2000"
"602","K02982",322,12706.622797204,1.99249249249249,952.928669410151,"single copy","4500","2000"
"603","K01889",284,11351.1219167556,1.99776286353468,1128.09155555556,"single copy","4500","2000"
"604","K01602",8,772.058084091235,3.78055555555556,568.943502824859,"CBB","4500","2000"
"605","K01601",8,642.04766229767,3.32057057057057,292.943971631206,"CBB","4500","2000"
"606","K00855",14,1289.12613857086,3.01407211961302,560.455710955711,"CBB","4500","2000"
"607","K00198",0,0,0,0,"WL","4500","2000"
"608","K00197",0,0,0,0,"WL","4500","2000"
"609","K00194",0,0,0,0,"WL","4500","2000"
"610","K18861",0,0,0,0,"3HP/4HB or DC/4HB","4500","3000"
"611","K15234",4,25.763105372061,3.12890625,8.53805774278215,"rTCA","4500","3000"
"612","K15233",0,0,0,0,"rTCA","4500","3000"
"613","K15232",0,0,0,0,"rTCA","4500","3000"
"614","K15231",0,0,0,0,"rTCA","4500","3000"
"615","K15230",0,0,0,0,"rTCA","4500","3000"
"616","K15052",0,0,0,0,"3HP Bicycle","4500","3000"
"617","K15039",0,0,0,0,"3HP/4HB","4500","3000"
"618","K15023",0,0,0,0,"WL","4500","3000"
"619","K15017",0,0,0,0,"3HP/4HB or DC/4HB","4500","3000"
"620","K15016",10,551.906682865729,4.26318407960199,264.851132686084,"3HP/4HB or DC/4HB","4500","3000"
"621","K14470",14,753.165846173116,4.21155555555556,427.21108394458,"3HP Bicycle","4500","3000"
"622","K14469",0,0,0,0,"3HP Bicycle","4500","3000"
"623","K14468",0,0,0,0,"3HP Bicycle","4500","3000"
"624","K14467",0,0,0,0,"DC/4HB","4500","3000"
"625","K14466",0,0,0,0,"3HP/4HB","4500","3000"
"626","K14138",0,0,0,0,"WL","4500","3000"
"627","K09709",25,438.315649068638,3.73144876325088,86.7154471544715,"3HP Bicycle","4500","3000"
"628","K08691",37,1212.19459730601,2.96913580246914,211.90251572327,"3HP Bicycle","4500","3000"
"629","K03553",268,8139.12822285314,1.61656441717791,668.181481481481,"single copy","4500","3000"
"630","K03076",243,7565.66953495496,2.46399176954733,647.80662151994,"single copy","4500","3000"
"631","K02982",294,12220.4726979684,1.37020648967552,1193.79508196721,"single copy","4500","3000"
"632","K01889",271,11731.4579538934,2.34065934065934,1047.61140350877,"single copy","4500","3000"
"633","K01602",7,377.201757534294,5.35555555555555,237.559322033898,"CBB","4500","3000"
"634","K01601",6,157.29677610667,3.46921921921922,105.174402250352,"CBB","4500","3000"
"635","K00855",15,901.784849906127,2.98855507868383,309.673360107095,"CBB","4500","3000"
"636","K00198",0,0,0,0,"WL","4500","3000"
"637","K00197",0,0,0,0,"WL","4500","3000"
"638","K00194",0,0,0,0,"WL","4500","3000"
"639","K18861",0,0,0,0,"3HP/4HB or DC/4HB","4500","4000"
"640","K15234",6,50.6230261595576,5.31594202898551,10.6236979166667,"rTCA","4500","4000"
"641","K15233",0,0,0,0,"rTCA","4500","4000"
"642","K15232",0,0,0,0,"rTCA","4500","4000"
"643","K15231",0,0,0,0,"rTCA","4500","4000"
"644","K15230",0,0,0,0,"rTCA","4500","4000"
"645","K15052",0,0,0,0,"3HP Bicycle","4500","4000"
"646","K15039",0,0,0,0,"3HP/4HB","4500","4000"
"647","K15023",0,0,0,0,"WL","4500","4000"
"648","K15017",0,0,0,0,"3HP/4HB or DC/4HB","4500","4000"
"649","K15016",14,1084.9520990735,4.04402515723271,772.592098765432,"3HP/4HB or DC/4HB","4500","4000"
"650","K14470",14,1148.21671972453,4.27465362673187,772.81975308642,"3HP Bicycle","4500","4000"
"651","K14469",0,0,0,0,"3HP Bicycle","4500","4000"
"652","K14468",0,0,0,0,"3HP Bicycle","4500","4000"
"653","K14467",0,0,0,0,"DC/4HB","4500","4000"
"654","K14466",0,0,0,0,"3HP/4HB","4500","4000"
"655","K14138",0,0,0,0,"WL","4500","4000"
"656","K09709",34,696.069106078979,2.93534002229654,72.6306620209059,"3HP Bicycle","4500","4000"
"657","K08691",39,2019.81618012757,3.21521521521522,623.154419595314,"3HP Bicycle","4500","4000"
"658","K03553",262,9067.64713025919,1.94463276836158,808.833333333333,"single copy","4500","4000"
"659","K03076",230,8231.36952407767,1.78896103896104,786.630385487528,"single copy","4500","4000"
"660","K02982",281,12171.3913033799,1.6963696369637,860.404371584699,"single copy","4500","4000"
"661","K01889",264,12215.5923059058,2.02686567164179,1141.58456140351,"single copy","4500","4000"
"662","K01602",9,182.297644456857,3.36190476190476,66.7175141242938,"CBB","4500","4000"
"663","K01601",9,194.941182033292,3.84935241990457,65.0792079207921,"CBB","4500","4000"
"664","K00855",20,874.356166766535,2.72251308900524,240.598141695703,"CBB","4500","4000"
"665","K00198",0,0,0,0,"WL","4500","4000"
"666","K00197",0,0,0,0,"WL","4500","4000"
"667","K00194",0,0,0,0,"WL","4500","4000"
"668","K18861",0,0,0,0,"3HP/4HB or DC/4HB","4500","500"
"669","K15234",1,9.16404199475066,9.16404199475066,9.16404199475066,"rTCA","4500","500"
"670","K15233",0,0,0,0,"rTCA","4500","500"
"671","K15232",0,0,0,0,"rTCA","4500","500"
"672","K15231",0,0,0,0,"rTCA","4500","500"
"673","K15230",0,0,0,0,"rTCA","4500","500"
"674","K15052",0,0,0,0,"3HP Bicycle","4500","500"
"675","K15039",0,0,0,0,"3HP/4HB","4500","500"
"676","K15023",0,0,0,0,"WL","4500","500"
"677","K15017",0,0,0,0,"3HP/4HB or DC/4HB","4500","500"
"678","K15016",16,763.543401323365,5.7155858930603,161.896468311563,"3HP/4HB or DC/4HB","4500","500"
"679","K14470",17,483.280575802052,3.69965277777778,114.383663366337,"3HP Bicycle","4500","500"
"680","K14469",0,0,0,0,"3HP Bicycle","4500","500"
"681","K14468",0,0,0,0,"3HP Bicycle","4500","500"
"682","K14467",0,0,0,0,"DC/4HB","4500","500"
"683","K14466",0,0,0,0,"3HP/4HB","4500","500"
"684","K14138",0,0,0,0,"WL","4500","500"
"685","K09709",14,155.988016456377,4.43462897526502,26.8900836320191,"3HP Bicycle","4500","500"
"686","K08691",40,956.997379915006,4.08994708994709,233.828541001065,"3HP Bicycle","4500","500"
"687","K03553",243,5214.971918168,1.9500998003992,807.895953757225,"single copy","4500","500"
"688","K03076",237,5306.78441073018,2.86041666666667,795.784048156509,"single copy","4500","500"
"689","K02982",339,9039.93066566693,1.80289855072464,697.270642201835,"single copy","4500","500"
"690","K01889",281,8036.69578158232,2.36353467561521,670.193137254902,"single copy","4500","500"
"691","K01602",7,691.363051480424,3.85885885885886,460.441666666667,"CBB","4500","500"
"692","K01601",3,168.681450814896,23.2702127659574,116.239669421488,"CBB","4500","500"
"693","K00855",13,1389.58877957473,9.77740863787376,688.645367412141,"CBB","4500","500"
"694","K00198",0,0,0,0,"WL","4500","500"
"695","K00197",0,0,0,0,"WL","4500","500"
"696","K00194",0,0,0,0,"WL","4500","500"
"697","K18861",0,0,0,0,"3HP/4HB or DC/4HB","4500","50"
"698","K15234",0,0,0,0,"rTCA","4500","50"
"699","K15233",0,0,0,0,"rTCA","4500","50"
"700","K15232",0,0,0,0,"rTCA","4500","50"
"701","K15231",0,0,0,0,"rTCA","4500","50"
"702","K15230",0,0,0,0,"rTCA","4500","50"
"703","K15052",0,0,0,0,"3HP Bicycle","4500","50"
"704","K15039",0,0,0,0,"3HP/4HB","4500","50"
"705","K15023",1,2.73555555555556,2.73555555555556,2.73555555555556,"WL","4500","50"
"706","K15017",0,0,0,0,"3HP/4HB or DC/4HB","4500","50"
"707","K15016",19,425.02875203576,5.32612055641422,126.948641975309,"3HP/4HB or DC/4HB","4500","50"
"708","K14470",15,452.031061266052,3.11305070656692,127.909465020576,"3HP Bicycle","4500","50"
"709","K14469",2,30.8041872359329,12.9655377302436,17.8386495056892,"3HP Bicycle","4500","50"
"710","K14468",0,0,0,0,"3HP Bicycle","4500","50"
"711","K14467",0,0,0,0,"DC/4HB","4500","50"
"712","K14466",0,0,0,0,"3HP/4HB","4500","50"
"713","K14138",0,0,0,0,"WL","4500","50"
"714","K09709",29,418.190866384211,3.62562189054726,59.1828703703704,"3HP Bicycle","4500","50"
"715","K08691",51,935.355771975526,3.33451957295374,144.772961816305,"3HP Bicycle","4500","50"
"716","K03553",254,7741.02505289998,2.45955555555556,1299.26145552561,"single copy","4500","50"
"717","K03076",236,5081.18944350384,1.95750708215297,334.150757575758,"single copy","4500","50"
"718","K02982",341,8055.91358438541,2.22988505747126,689.046448087432,"single copy","4500","50"
"719","K01889",292,5135.253859456,2.74584929757343,319.511551155116,"single copy","4500","50"
"720","K01602",27,6144.29113064533,2.57857142857143,4477.1783625731,"CBB","4500","50"
"721","K01601",21,5691.79582231471,3.08733624454148,3554.63882259348,"CBB","4500","50"
"722","K00855",30,870.060963334632,2.81682641107561,219.548172757475,"CBB","4500","50"
"723","K00198",0,0,0,0,"WL","4500","50"
"724","K00197",0,0,0,0,"WL","4500","50"
"725","K00194",0,0,0,0,"WL","4500","50"
"726","K18861",0,0,0,0,"3HP/4HB or DC/4HB","500","150"
"727","K15234",0,0,0,0,"rTCA","500","150"
"728","K15233",0,0,0,0,"rTCA","500","150"
"729","K15232",0,0,0,0,"rTCA","500","150"
"730","K15231",0,0,0,0,"rTCA","500","150"
"731","K15230",0,0,0,0,"rTCA","500","150"
"732","K15052",0,0,0,0,"3HP Bicycle","500","150"
"733","K15039",0,0,0,0,"3HP/4HB","500","150"
"734","K15023",0,0,0,0,"WL","500","150"
"735","K15017",0,0,0,0,"3HP/4HB or DC/4HB","500","150"
"736","K15016",17,804.234042241135,4.80239209568383,212.079825834543,"3HP/4HB or DC/4HB","500","150"
"737","K14470",19,756.896554534596,7.06209150326797,268.263201320132,"3HP Bicycle","500","150"
"738","K14469",0,0,0,0,"3HP Bicycle","500","150"
"739","K14468",0,0,0,0,"3HP Bicycle","500","150"
"740","K14467",0,0,0,0,"DC/4HB","500","150"
"741","K14466",0,0,0,0,"3HP/4HB","500","150"
"742","K14138",0,0,0,0,"WL","500","150"
"743","K09709",10,109.213036998845,3.5609756097561,35.4333333333333,"3HP Bicycle","500","150"
"744","K08691",37,1254.81478256304,6.51011714589989,235.791267305644,"3HP Bicycle","500","150"
"745","K03553",229,4940.11403439652,2.09872241579559,349.408477842004,"single copy","500","150"
"746","K03076",189,4278.19289218244,3.03812636165577,331.984387197502,"single copy","500","150"
"747","K02982",282,7520.96853173044,2.7426597582038,349.862914862915,"single copy","500","150"
"748","K01889",276,7467.79922102961,2.37649880095923,337.474043715847,"single copy","500","150"
"749","K01602",10,681.709792843691,2.81388888888889,280.161111111111,"CBB","500","150"
"750","K01601",9,712.457756582687,4.97064393939394,270.058368495077,"CBB","500","150"
"751","K00855",14,1082.75154163042,3.25355191256831,297.870074547391,"CBB","500","150"
"752","K00198",0,0,0,0,"WL","500","150"
"753","K00197",0,0,0,0,"WL","500","150"
"754","K00194",0,0,0,0,"WL","500","150"
"755","K18861",0,0,0,0,"3HP/4HB or DC/4HB","500","500"
"756","K15234",0,0,0,0,"rTCA","500","500"
"757","K15233",0,0,0,0,"rTCA","500","500"
"758","K15232",0,0,0,0,"rTCA","500","500"
"759","K15231",0,0,0,0,"rTCA","500","500"
"760","K15230",0,0,0,0,"rTCA","500","500"
"761","K15052",0,0,0,0,"3HP Bicycle","500","500"
"762","K15039",0,0,0,0,"3HP/4HB","500","500"
"763","K15023",0,0,0,0,"WL","500","500"
"764","K15017",0,0,0,0,"3HP/4HB or DC/4HB","500","500"
"765","K15016",8,199.371366940154,4.70480928689884,74.5859030837004,"3HP/4HB or DC/4HB","500","500"
"766","K14470",10,258.919251447787,6.54114713216958,72.4270315091211,"3HP Bicycle","500","500"
"767","K14469",0,0,0,0,"3HP Bicycle","500","500"
"768","K14468",0,0,0,0,"3HP Bicycle","500","500"
"769","K14467",0,0,0,0,"DC/4HB","500","500"
"770","K14466",0,0,0,0,"3HP/4HB","500","500"
"771","K14138",0,0,0,0,"WL","500","500"
"772","K09709",3,30.2336101432685,3.21660649819495,20.9570267131243,"3HP Bicycle","500","500"
"773","K08691",27,1264.44748741499,5.454770755886,258.373665480427,"3HP Bicycle","500","500"
"774","K03553",156,3307.13474070166,3.04357298474946,384.203275529865,"single copy","500","500"
"775","K03076",126,3089.32735609258,2.49830795262267,392.094055680963,"single copy","500","500"
"776","K02982",160,4225.31803880248,2.35407407407407,338.220183486239,"single copy","500","500"
"777","K01889",142,4280.53062825951,3.04697986577181,605.311355311355,"single copy","500","500"
"778","K01602",9,428.456676013879,4.37222222222222,252.406779661017,"CBB","500","500"
"779","K01601",7,440.584415378668,6.81153305203938,292.555555555556,"CBB","500","500"
"780","K00855",14,660.933124631247,4.82707622298066,299.350537634409,"CBB","500","500"
"781","K00198",0,0,0,0,"WL","500","500"
"782","K00197",0,0,0,0,"WL","500","500"
"783","K00194",0,0,0,0,"WL","500","500"
"784","K18861",0,0,0,0,"3HP/4HB or DC/4HB","500","50"
"785","K15234",0,0,0,0,"rTCA","500","50"
"786","K15233",0,0,0,0,"rTCA","500","50"
"787","K15232",0,0,0,0,"rTCA","500","50"
"788","K15231",0,0,0,0,"rTCA","500","50"
"789","K15230",0,0,0,0,"rTCA","500","50"
"790","K15052",0,0,0,0,"3HP Bicycle","500","50"
"791","K15039",0,0,0,0,"3HP/4HB","500","50"
"792","K15023",0,0,0,0,"WL","500","50"
"793","K15017",0,0,0,0,"3HP/4HB or DC/4HB","500","50"
"794","K15016",18,691.957841141752,4.20715036803365,222.570321151717,"3HP/4HB or DC/4HB","500","50"
"795","K14470",18,368.718167842619,4.54430379746836,146.369281045752,"3HP Bicycle","500","50"
"796","K14469",0,0,0,0,"3HP Bicycle","500","50"
"797","K14468",0,0,0,0,"3HP Bicycle","500","50"
"798","K14467",0,0,0,0,"DC/4HB","500","50"
"799","K14466",0,0,0,0,"3HP/4HB","500","50"
"800","K14138",0,0,0,0,"WL","500","50"
"801","K09709",10,102.254158210943,5.44444444444445,27.6726190476191,"3HP Bicycle","500","50"
"802","K08691",42,688.39972955661,5.17222222222222,108.083597883598,"3HP Bicycle","500","50"
"803","K03553",290,4991.72130806299,2.09433962264151,153.391304347826,"single copy","500","50"
"804","K03076",251,5281.03075653656,2.67475292003594,327.498435054773,"single copy","500","50"
"805","K02982",343,8038.14532094839,0.513636363636364,309.635658914729,"single copy","500","50"
"806","K01889",305,6581.5943671387,2.82682291666667,282.099732262383,"single copy","500","50"
"807","K01602",15,972.628332333383,6.08095238095238,363.697619047619,"CBB","500","50"
"808","K01601",14,553.125760516798,10.5336500395883,109.693389592124,"CBB","500","50"
"809","K00855",20,693.21010048805,2.69230769230769,177.975609756098,"CBB","500","50"
"810","K00198",0,0,0,0,"WL","500","50"
"811","K00197",0,0,0,0,"WL","500","50"
"812","K00194",0,0,0,0,"WL","500","50"
